{"255": 12.032513368983972, "1": 2.882352941176465, "28": 5.117647058823505, "5": 2.323529411764709, "15": 4.323529411764714, "2": 2.0, "6": 2.323529411764709, "16": 12.005689136968671}