{"255": 59.0666666666669, "1": 4.9111111111111265, "28": 6.599999999999992, "5": 7.933333333333338, "15": 13.466666666666688, "2": 6.733333333333344, "6": 4.488888888888906, "16": 15.977777777777758}