{"255": 1.0, "1": 9.177777777777772, "28": 10.866666666666665, "5": 17.46666666666664, "15": 30.53333333333353, "2": 15.266666666666765, "6": 8.755555555555516, "16": 20.244444444444508, "46": 61.7999999999997, "47": 17.46666666666664, "48": 26.777777777777633}